Trade number,Type,Date and time,Signal,Price USD,Size (qty),Size (value),Net PnL USD,Return %,Commission USD,Favorable excursion USD,Favorable excursion %,Adverse excursion USD,Adverse excursion %,Cumulative PnL USD,Cumulative PnL %,Duration (bars)
1,Exit short,2025-10-16 14:20,sl1|exit_reason=be|mfe_r=1.103332,658.44,56,36870.4,-2.24,-0.01,0,53.2,0.14,-26.88,-0.07,-2.24,-0.01,2
1,Entry short,2025-10-16 14:10,sl1|setup=pdl_break|side=short|grade=B|size=half|score=4|window=power|tier=core|rvol=1.693549|rs_vs_spy=0|gap_atr=0.243627|ext_atr=0.760029|risk_atr=0.122392,658.4,56,36870.4,-2.24,-0.01,0,53.2,0.14,-26.88,-0.07,-2.24,-0.01,2
2,Exit short,2025-11-07 09:55,sl1|exit_reason=stop|mfe_r=0.073355,666.57,24,15947.52,-50.16,-0.31,0,3.12,0.02,-50.16,-0.31,-52.4,-0.21,4
2,Entry short,2025-11-07 09:35,sl1|setup=orb_break|side=short|grade=B|size=half|score=4|window=open|tier=core|rvol=1.504494|rs_vs_spy=0|gap_atr=-0.328305|ext_atr=0.215041|risk_atr=0.288127,664.48,24,15947.52,-50.16,-0.31,0,3.12,0.02,-50.16,-0.31,-52.4,-0.21,4
3,Exit long,2025-11-07 15:25,sl1|exit_reason=time|mfe_r=0.045794,668.66,17,11388.81,-21.59,-0.19,0,1.87,0.02,-33.83,-0.30,-73.99,-0.30,6
3,Entry long,2025-11-07 14:55,sl1|setup=hod_break|side=long|grade=B|size=half|score=3|window=power|tier=core|rvol=1.500895|rs_vs_spy=0|gap_atr=-0.328305|ext_atr=0.689437|risk_atr=0.4,669.93,17,11388.81,-21.59,-0.19,0,1.87,0.02,-33.83,-0.30,-73.99,-0.30,6
4,Exit short,2025-11-18 09:45,sl1|exit_reason=stop|mfe_r=0,662.61,67,44342.61,-52.26,-0.12,0,72.36,0.16,-52.26,-0.12,-126.25,-0.50,1
4,Entry short,2025-11-18 09:40,sl1|setup=pdl_break|side=short|grade=B|size=half|score=4|window=open|tier=core|rvol=1.519978|rs_vs_spy=0|gap_atr=-0.439627|ext_atr=0.10774|risk_atr=0.090468,661.83,67,44342.61,-52.26,-0.12,0,72.36,0.16,-52.26,-0.12,-126.25,-0.50,1
5,Exit short,2025-11-20 15:50,sl1|exit_reason=eod|mfe_r=0.457448,653.01,16,10453.28,5.12,0.05,0,21.76,0.21,-7.36,-0.07,-121.13,-0.48,2
5,Entry short,2025-11-20 15:40,sl1|setup=lod_break|side=short|grade=B|size=half|score=3|window=power|tier=core|rvol=2.156209|rs_vs_spy=0|gap_atr=1.235552|ext_atr=1.07189|risk_atr=0.363642,653.33,16,10453.28,5.12,0.05,0,21.76,0.21,-7.36,-0.07,-121.13,-0.48,2
6,Exit short,2025-12-17 09:45,sl1|exit_reason=be|mfe_r=0.926859,678.83,66,44800.14,-2.64,-0.01,0,44.88,0.10,-25.74,-0.06,-123.77,-0.50,2
6,Entry short,2025-12-17 09:35,sl1|setup=orb_break|side=short|grade=B|size=half|score=4|window=open|tier=core|rvol=1.582187|rs_vs_spy=0|gap_atr=0.139635|ext_atr=0.088918|risk_atr=0.10339,678.79,66,44800.14,-2.64,-0.01,0,44.88,0.10,-25.74,-0.06,-123.77,-0.50,2
7,Exit short,2025-12-18 14:30,sl1|exit_reason=time|mfe_r=0.256543,676.42,29,19626.62,10.44,0.05,0,11.89,0.06,-40.89,-0.21,-113.33,-0.45,6
7,Entry short,2025-12-18 14:00,sl1|setup=vwap_loss|side=short|grade=B|size=half|score=3|window=power|tier=core|rvol=1.591478|rs_vs_spy=0|gap_atr=0.846432|ext_atr=0.175196|risk_atr=0.225196,676.78,29,19626.62,10.44,0.05,0,11.89,0.06,-40.89,-0.21,-113.33,-0.45,6
8,Exit long,2025-12-18 15:50,sl1|exit_reason=stop|mfe_r=0.494427,677.44,68,46118.28,-52.36,-0.11,0,23.12,0.05,-52.36,-0.11,-165.69,-0.66,4
8,Entry long,2025-12-18 15:30,sl1|setup=vwap_reclaim|side=long|grade=B|size=half|score=4|window=power|tier=core|rvol=1.544313|rs_vs_spy=0|gap_atr=0.846432|ext_atr=0.047825|risk_atr=0.097825,678.21,68,46118.28,-52.36,-0.11,0,23.12,0.05,-52.36,-0.11,-165.69,-0.66,4
9,Exit long,2025-12-19 10:20,sl1|exit_reason=be|mfe_r=1.263863,679,42,28519.68,-1.68,-0.01,0,61.74,0.22,-1.68,-0.01,-167.37,-0.67,7
9,Entry long,2025-12-19 09:45,sl1|setup=orb_retest|side=long|grade=B|size=half|score=4|window=open|tier=core|rvol=1.524736|rs_vs_spy=0|gap_atr=0.015834|ext_atr=0.089695|risk_atr=0.155562,679.04,42,28519.68,-1.68,-0.01,0,61.74,0.22,-1.68,-0.01,-167.37,-0.67,7
10,Exit short,2026-01-08 09:45,sl1|exit_reason=stop|mfe_r=0,688.63,64,44019.84,-52.48,-0.12,0,20.48,0.05,-52.48,-0.12,-219.85,-0.88,1
10,Entry short,2026-01-08 09:40,sl1|setup=orb_break|side=short|grade=B|size=half|score=4|window=open|tier=core|rvol=1.553259|rs_vs_spy=0|gap_atr=-0.127161|ext_atr=0.107964|risk_atr=0.133342,687.81,64,44019.84,-52.48,-0.12,0,20.48,0.05,-52.48,-0.12,-219.85,-0.88,1
11,Exit long,2026-01-08 10:35,sl1|exit_reason=stop|mfe_r=0.274667,688.97,62,42768.84,-52.7,-0.12,0,12.4,0.03,-52.7,-0.12,-272.55,-1.09,6
11,Entry long,2026-01-08 10:05,sl1|setup=orb_break|side=long|grade=B|size=half|score=4|window=open|tier=core|rvol=1.674301|rs_vs_spy=0|gap_atr=-0.127161|ext_atr=0.202842|risk_atr=0.137638,689.82,62,42768.84,-52.7,-0.12,0,12.4,0.03,-52.7,-0.12,-272.55,-1.09,6
12,Exit long,2026-01-09 09:45,sl1|exit_reason=stop|mfe_r=0.239677,690.93,49,33907.02,-51.45,-0.15,0,10.78,0.03,-51.45,-0.15,-324,-1.30,2
12,Entry long,2026-01-09 09:35,sl1|setup=orb_break|side=long|grade=B|size=half|score=4|window=open|tier=core|rvol=1.743741|rs_vs_spy=0|gap_atr=0.215037|ext_atr=0.131992|risk_atr=0.177956,691.98,49,33907.02,-51.45,-0.15,0,10.78,0.03,-51.45,-0.15,-324,-1.30,2
13,Exit long,2026-01-09 15:50,sl1|exit_reason=eod|mfe_r=1.786052,694.53,22,15208.6,71.06,0.47,0,88,0.58,-8.8,-0.06,-252.94,-1.01,68
13,Entry long,2026-01-09 10:10,sl1|setup=orb_fail|side=long|grade=B|size=half|score=3|window=open|tier=core|rvol=1.506769|rs_vs_spy=0|gap_atr=0.215037|ext_atr=0.054007|risk_atr=0.4,691.3,22,15208.6,71.06,0.47,0,88,0.58,-8.8,-0.06,-252.94,-1.01,68
14,Exit long,2026-01-20 09:45,sl1|exit_reason=stop|mfe_r=0,682.39,65,44407.35,-52,-0.12,0,0,0.00,-52,-0.12,-304.94,-1.22,1
14,Entry long,2026-01-20 09:40,sl1|setup=orb_break|side=long|grade=B|size=half|score=3|window=open|tier=core|rvol=1.563766|rs_vs_spy=0|gap_atr=-1.808955|ext_atr=0.131991|risk_atr=0.136013,683.19,65,44407.35,-52,-0.12,0,0,0.00,-52,-0.12,-304.94,-1.22,1
15,Exit long,2026-01-21 15:15,sl1|exit_reason=be|mfe_r=0.94252,686.35,19,13041.41,-0.76,-0.01,0,44.46,0.34,-8.17,-0.06,-305.7,-1.22,8
15,Entry long,2026-01-21 14:35,sl1|setup=hod_break|side=long|grade=B|size=half|score=4|window=power|tier=core|rvol=1.51892|rs_vs_spy=0|gap_atr=0.327486|ext_atr=0.73154|risk_atr=0.4,686.39,19,13041.41,-0.76,-0.01,0,44.46,0.34,-8.17,-0.06,-305.7,-1.22,8
16,Exit long,2026-02-06 09:40,sl1|exit_reason=stop|mfe_r=0,684.08,82,56147.86,-53.3,-0.09,0,0,0.00,-53.3,-0.09,-359,-1.44,1
16,Entry long,2026-02-06 09:35,sl1|setup=orb_break|side=long|grade=B|size=half|score=4|window=open|tier=core|rvol=1.979239|rs_vs_spy=0|gap_atr=0.545784|ext_atr=0.136551|risk_atr=0.082503,684.73,82,56147.86,-53.3,-0.09,0,0,0.00,-53.3,-0.09,-359,-1.44,1
17,Exit short,2026-03-03 09:55,sl1|exit_reason=be|mfe_r=0.832305,673.46,34,22896.28,-1.36,-0.01,0,39.78,0.17,-46.92,-0.20,-360.36,-1.44,3
17,Entry short,2026-03-03 09:40,sl1|setup=orb_break|side=short|grade=B|size=half|score=4|window=open|tier=core|rvol=1.852499|rs_vs_spy=0|gap_atr=-1.377622|ext_atr=0.202745|risk_atr=0.174462,673.42,34,22896.28,-1.36,-0.01,0,39.78,0.17,-46.92,-0.20,-360.36,-1.44,3
18,Exit long,2026-03-23 10:25,sl1|exit_reason=trail|mfe_r=1.601679,660.57,29,19128.4,28.13,0.15,0,77.43,0.40,-27.84,-0.15,-332.23,-1.33,7
18,Entry long,2026-03-23 09:50,sl1|setup=orb_retest|side=long|grade=B|size=half|score=4|window=open|tier=core|rvol=1.636448|rs_vs_spy=0|gap_atr=0.993768|ext_atr=0.141771|risk_atr=0.175133,659.6,29,19128.4,28.13,0.15,0,77.43,0.40,-27.84,-0.15,-332.23,-1.33,7
19,Exit long,2026-03-23 14:35,sl1|exit_reason=stop|mfe_r=0,657.98,59,38873.33,-52.51,-0.14,0,46.02,0.12,-52.51,-0.14,-384.74,-1.54,1
19,Entry long,2026-03-23 14:30,sl1|setup=vwap_reclaim|side=long|grade=B|size=half|score=4|window=power|tier=core|rvol=1.588986|rs_vs_spy=0|gap_atr=0.993768|ext_atr=0.038347|risk_atr=0.088347,658.87,59,38873.33,-52.51,-0.14,0,46.02,0.12,-52.51,-0.14,-384.74,-1.54,1
20,Exit long,2026-04-08 09:50,sl1|exit_reason=stop|mfe_r=0,674.22,26,17579.12,-49.4,-0.28,0,0,0.00,-49.4,-0.28,-434.14,-1.74,1
20,Entry long,2026-04-08 09:45,sl1|setup=orb_fail|side=long|grade=B|size=half|score=3|window=open|tier=core|rvol=1.603976|rs_vs_spy=0|gap_atr=1.692565|ext_atr=0.036678|risk_atr=0.183702,676.12,26,17579.12,-49.4,-0.28,0,0,0.00,-49.4,-0.28,-434.14,-1.74,1
21,Exit short,2026-04-30 10:00,sl1|exit_reason=trail|mfe_r=2.441264,711.51,71,50585.37,68.16,0.13,0,119.99,0.24,-23.43,-0.05,-365.98,-1.46,3
21,Entry short,2026-04-30 09:45,sl1|setup=orb_retest|side=short|grade=B|size=half|score=3|window=open|tier=core|rvol=1.512143|rs_vs_spy=0|gap_atr=0.389288|ext_atr=0.044344|risk_atr=0.089697,712.47,71,50585.37,68.16,0.13,0,119.99,0.24,-23.43,-0.05,-365.98,-1.46,3
22,Exit short,2026-05-11 15:05,sl1|exit_reason=trail|mfe_r=1.749358,738.89,80,59144.8,33.6,0.06,0,88,0.15,-6.4,-0.01,-332.38,-1.33,3
22,Entry short,2026-05-11 14:50,sl1|setup=vwap_loss|side=short|grade=B|size=half|score=4|window=power|tier=core|rvol=1.503388|rs_vs_spy=0|gap_atr=-0.141244|ext_atr=0.012958|risk_atr=0.08,739.31,80,59144.8,33.6,0.06,0,88,0.15,-6.4,-0.01,-332.38,-1.33,3
23,Exit short,2026-05-15 09:40,sl1|exit_reason=stop|mfe_r=0,739.78,83,61347.79,-53.95,-0.09,0,41.5,0.07,-53.95,-0.09,-386.33,-1.55,1
23,Entry short,2026-05-15 09:35,sl1|setup=orb_break|side=short|grade=B|size=half|score=4|window=open|tier=core|rvol=1.571511|rs_vs_spy=0|gap_atr=-0.82899|ext_atr=0.127475|risk_atr=0.08,739.13,83,61347.79,-53.95,-0.09,0,41.5,0.07,-53.95,-0.09,-386.33,-1.55,1
24,Exit short,2026-06-05 15:25,sl1|exit_reason=trail|mfe_r=2.948389,737.81,22,16327.74,95.92,0.59,0,146.08,0.89,-0.44,0.00,-290.41,-1.16,15
24,Entry short,2026-06-05 14:10,sl1|setup=lod_break|side=short|grade=B|size=half|score=4|window=power|tier=core|rvol=1.66499|rs_vs_spy=0|gap_atr=-0.727557|ext_atr=0.703773|risk_atr=0.345262,742.17,22,16327.74,95.92,0.59,0,146.08,0.89,-0.44,0.00,-290.41,-1.16,15
25,Exit short,2026-06-08 09:40,sl1|exit_reason=stop|mfe_r=0,742.57,52,38561.64,-52,-0.13,0,4.68,0.01,-52,-0.13,-342.41,-1.37,1
25,Entry short,2026-06-08 09:35,sl1|setup=orb_break|side=short|grade=B|size=half|score=3|window=open|tier=core|rvol=1.898383|rs_vs_spy=0|gap_atr=0.77605|ext_atr=0.123531|risk_atr=0.124847,741.57,52,38561.64,-52,-0.13,0,4.68,0.01,-52,-0.13,-342.41,-1.37,1
26,Exit short,2026-06-08 10:25,sl1|exit_reason=stop|mfe_r=0.103465,742.88,24,17779.44,-49.68,-0.28,0,4.56,0.03,-49.68,-0.28,-392.09,-1.57,6
26,Entry short,2026-06-08 09:55,sl1|setup=vwap_loss|side=short|grade=B|size=half|score=3|window=open|tier=core|rvol=1.500589|rs_vs_spy=0|gap_atr=0.77605|ext_atr=0.216518|risk_atr=0.266518,740.81,24,17779.44,-49.68,-0.28,0,4.56,0.03,-49.68,-0.28,-392.09,-1.57,6
27,Exit long,2026-06-11 15:50,sl1|exit_reason=eod|mfe_r=1.03877,738.29,16,11791.36,21.28,0.18,0,48.64,0.41,-3.36,-0.03,-370.81,-1.48,8
27,Entry long,2026-06-11 15:10,sl1|setup=hod_break|side=long|grade=B|size=half|score=4|window=power|tier=core|rvol=1.822948|rs_vs_spy=0|gap_atr=0.367256|ext_atr=0.672348|risk_atr=0.322943,736.96,16,11791.36,21.28,0.18,0,48.64,0.41,-3.36,-0.03,-370.81,-1.48,8
28,Exit short,2026-06-12 10:00,sl1|exit_reason=stop|mfe_r=0.362665,738.47,19,13982.48,-48.45,-0.35,0,16.91,0.12,-48.45,-0.35,-419.26,-1.68,4
28,Entry short,2026-06-12 09:40,sl1|setup=orb_break|side=short|grade=B|size=half|score=3|window=open|tier=core|rvol=1.639898|rs_vs_spy=0|gap_atr=0.311976|ext_atr=0.251354|risk_atr=0.26181,735.92,19,13982.48,-48.45,-0.35,0,16.91,0.12,-48.45,-0.35,-419.26,-1.68,4
29,Exit long,2026-06-15 10:05,sl1|exit_reason=be|mfe_r=1.319,753.06,65,48951.5,-2.6,-0.01,0,64.35,0.13,-33.8,-0.07,-421.86,-1.69,6
29,Entry long,2026-06-15 09:35,sl1|setup=orb_break|side=long|grade=B|size=half|score=4|window=open|tier=core|rvol=1.657431|rs_vs_spy=0|gap_atr=1.054155|ext_atr=0.036112|risk_atr=0.08,753.1,65,48951.5,-2.6,-0.01,0,64.35,0.13,-33.8,-0.07,-421.86,-1.69,6
30,Exit short,2026-07-23 09:50,sl1|exit_reason=be|mfe_r=0.772556,740.94,58,42940.88,-33.64,-0.08,0,37.12,0.09,-33.64,-0.08,-455.5,-1.82,1
30,Entry short,2026-07-23 09:45,sl1|setup=vwap_loss|side=short|grade=B|size=half|score=4|window=open|tier=core|rvol=1.637675|rs_vs_spy=0|gap_atr=-0.995367|ext_atr=0.057097|risk_atr=0.107097,740.36,58,42940.88,-33.64,-0.08,0,37.12,0.09,-33.64,-0.08,-455.5,-1.82,1
31,Exit short,2026-07-28 09:45,sl1|exit_reason=be|mfe_r=0.753913,737.55,35,25796.05,-18.2,-0.07,0,36.05,0.14,-19.95,-0.08,-473.7,-1.89,1
31,Entry short,2026-07-28 09:40,sl1|setup=orb_retest|side=short|grade=B|size=half|score=4|window=open|tier=core|rvol=1.713358|rs_vs_spy=0|gap_atr=0.018172|ext_atr=0.122182|risk_atr=0.168721,737.03,35,25796.05,-18.2,-0.07,0,36.05,0.14,-19.95,-0.08,-473.7,-1.89,1
32,Exit long,2026-07-30 10:15,sl1|exit_reason=be|mfe_r=1.054028,737.36,32,23596.8,-1.28,-0.01,0,51.2,0.22,-10.56,-0.04,-474.98,-1.90,6
32,Entry long,2026-07-30 09:45,sl1|setup=orb_retest|side=long|grade=B|size=half|score=4|window=open|tier=core|rvol=1.500224|rs_vs_spy=0|gap_atr=0.761193|ext_atr=0.167354|risk_atr=0.179988,737.4,32,23596.8,-1.28,-0.01,0,51.2,0.22,-10.56,-0.04,-474.98,-1.90,6
33,Exit short,2026-08-27 09:50,sl1|exit_reason=stop|mfe_r=0,768.58,99,76034.97,-54.45,-0.07,0,0,0.00,-54.45,-0.07,-529.43,-2.12,1
33,Entry short,2026-08-27 09:45,sl1|setup=vwap_loss|side=short|grade=B|size=half|score=3|window=open|tier=core|rvol=1.554957|rs_vs_spy=0|gap_atr=0.40033|ext_atr=0.021981|risk_atr=0.08,768.03,99,76034.97,-54.45,-0.07,0,0,0.00,-54.45,-0.07,-529.43,-2.12,1
34,Exit short,2026-09-10 10:00,sl1|exit_reason=be|mfe_r=0.979125,757.33,81,61340.49,-3.24,-0.01,0,46.98,0.08,-5.67,-0.01,-532.67,-2.13,2
34,Entry short,2026-09-10 09:50,sl1|setup=orb_break|side=short|grade=B|size=half|score=4|window=open|tier=core|rvol=1.718506|rs_vs_spy=0|gap_atr=-0.718315|ext_atr=0.132783|risk_atr=0.10119,757.29,81,61340.49,-3.24,-0.01,0,46.98,0.08,-5.67,-0.01,-532.67,-2.13,2
35,Exit short,2026-09-18 10:05,sl1|exit_reason=trail|mfe_r=3.811552,759.46,92,70001.88,131.56,0.19,0,187.68,0.27,-49.68,-0.07,-401.11,-1.60,6
35,Entry short,2026-09-18 09:35,sl1|setup=orb_break|side=short|grade=B|size=half|score=4|window=open|tier=core|rvol=1.537709|rs_vs_spy=0|gap_atr=-0.196868|ext_atr=0.030739|risk_atr=0.08,760.89,92,70001.88,131.56,0.19,0,187.68,0.27,-49.68,-0.07,-401.11,-1.60,6