Trade number,Type,Date and time,Signal,Price USD,Size (qty),Size (value),Net PnL USD,Return %,Favorable excursion USD,Favorable excursion %,Adverse excursion USD,Adverse excursion %,Cumulative PnL USD,Cumulative PnL %,Duration (bars)
1,Exit long,2026-02-02 10:10,TP1,87.06,1,86.41,-0.35,-0.40,0.15,0.17,-1.33,-1.53,-0.35,0.00,3
1,Entry long,2026-02-02 09:55,Long,86.41,1,86.41,-0.35,-0.40,0.15,0.17,-1.33,-1.53,-0.35,0.00,3
2,Exit long,2026-02-03 08:00,TP1,90.94,1,90.81,-0.87,-0.95,0,0.00,-0.59,-0.65,-1.22,0.00,5
2,Entry long,2026-02-03 07:35,Long,90.81,1,90.81,-0.87,-0.95,0,0.00,-0.59,-0.65,-1.22,0.00,5
3,Exit long,2026-02-04 07:05,TP1,89.14,1,89.63,-1.49,-1.65,0,0.00,-0.99,-1.10,-2.71,-0.01,1
3,Entry long,2026-02-04 07:00,Long,89.63,1,89.63,-1.49,-1.65,0,0.00,-0.99,-1.10,-2.71,-0.01,1
4,Exit long,2026-02-05 09:55,TP1,78.22,1,80.52,-3.3,-4.07,0,0.00,-2.8,-3.46,-6.01,-0.01,2
4,Entry long,2026-02-05 09:45,Long,80.52,1,80.52,-3.3,-4.07,0,0.00,-2.8,-3.46,-6.01,-0.01,2
5,Exit short,2026-02-05 13:25,TP1,76.44,1,76.98,-0.46,-0.59,0.18,0.23,-0.53,-0.68,-6.47,-0.01,1
5,Entry short,2026-02-05 13:20,Short,76.98,1,76.98,-0.46,-0.59,0.18,0.23,-0.53,-0.68,-6.47,-0.01,1
6,Exit long,2026-02-06 09:25,TP1,78.73,1,78.43,-0.7,-0.89,0,0.00,-0.84,-1.06,-7.17,-0.01,1
6,Entry long,2026-02-06 09:20,Long,78.43,1,78.43,-0.7,-0.89,0,0.00,-0.84,-1.06,-7.17,-0.01,1
7,Exit long,2026-02-06 09:50,TP1,79.67,1,79.1,-0.43,-0.54,0.07,0.09,-0.97,-1.22,-7.6,-0.02,1
7,Entry long,2026-02-06 09:45,Long,79.1,1,79.1,-0.43,-0.54,0.07,0.09,-0.97,-1.22,-7.6,-0.02,1
8,Exit long,2026-02-10 12:30,TP1,94.5,1,94.11,-0.61,-0.64,0,0.00,-0.7,-0.74,-8.21,-0.02,1
8,Entry long,2026-02-10 12:25,Long,94.11,1,94.11,-0.61,-0.64,0,0.00,-0.7,-0.74,-8.21,-0.02,1
9,Exit long,2026-02-11 15:10,TP1,88.6,1,89.92,-2.32,-2.57,0,0.00,-1.82,-2.01,-10.53,-0.02,9
9,Entry long,2026-02-11 14:25,Long,89.92,1,89.92,-2.32,-2.57,0,0.00,-1.82,-2.01,-10.53,-0.02,9
10,Exit long,2026-02-12 08:20,TP1,86.61,1,92,-6.39,-6.91,0,0.00,-5.89,-6.37,-16.92,-0.03,6
10,Entry long,2026-02-12 07:50,Long,92,1,92,-6.39,-6.91,0,0.00,-5.89,-6.37,-16.92,-0.03,6
11,Exit long,2026-02-12 13:55,TP1,89.11,1,88.07,0.04,0.05,0.66,0.75,-0.57,-0.64,-16.88,-0.03,1
11,Entry long,2026-02-12 13:50,Long,88.07,1,88.07,0.04,0.05,0.66,0.75,-0.57,-0.64,-16.88,-0.03,1
12,Exit long,2026-02-17 09:35,TP1,96.98,1,96.01,-0.03,-0.03,1.79,1.85,-1.26,-1.31,-16.91,-0.03,1
12,Entry long,2026-02-17 09:30,Long,96.01,1,96.01,-0.03,-0.03,1.79,1.85,-1.26,-1.31,-16.91,-0.03,1
13,Exit long,2026-02-19 08:10,TP1,100.83,1,101.36,-1.53,-1.50,0,0.00,-1.03,-1.01,-18.44,-0.04,4
13,Entry long,2026-02-19 07:50,Long,101.36,1,101.36,-1.53,-1.50,0,0.00,-1.03,-1.01,-18.44,-0.04,4
14,Exit short,2026-02-20 19:55,TP1,97.5,1,97.6,-0.9,-0.92,0,0.00,-0.77,-0.78,-19.34,-0.04,19
14,Entry short,2026-02-20 18:10,Short,97.6,1,97.6,-0.9,-0.92,0,0.00,-0.77,-0.78,-19.34,-0.04,19
15,Exit long,2026-02-23 16:00,EOD-LastBarOfSession (holiday backstop),100.35,1,100.55,-1.2,-1.19,0,0.00,-0.7,-0.69,-20.54,-0.04,1
15,Entry long,2026-02-23 15:55,Long,100.55,1,100.55,-1.2,-1.19,0,0.00,-0.7,-0.69,-20.54,-0.04,1
16,Exit long,2026-02-23 16:55,EOD-Closing ALL Trades @ 1550 Central Time,100.42,1,100.49,-1.07,-1.06,0,0.00,-0.93,-0.92,-21.61,-0.04,9
16,Entry long,2026-02-23 16:05,Long,100.49,1,100.49,-1.07,-1.06,0,0.00,-0.93,-0.92,-21.61,-0.04,9
17,Exit long,2026-02-24 06:10,TP1,100.4,1,100.71,-1.31,-1.29,0,0.00,-0.81,-0.80,-22.92,-0.05,6
17,Entry long,2026-02-24 05:35,Long,100.71,1,100.71,-1.31,-1.29,0,0.00,-0.81,-0.80,-22.92,-0.05,6
18,Exit short,2026-02-25 10:55,TP1,105.5,1,103.64,-2.86,-2.75,0,0.00,-2.36,-2.27,-25.78,-0.05,9
18,Entry short,2026-02-25 10:10,Short,103.64,1,103.64,-2.86,-2.75,0,0.00,-2.36,-2.27,-25.78,-0.05,9
19,Exit long,2026-02-25 13:20,TP1,105.84,1,105.53,-0.69,-0.65,0,0.00,-0.76,-0.72,-26.47,-0.05,2
19,Entry long,2026-02-25 13:10,Long,105.53,1,105.53,-0.69,-0.65,0,0.00,-0.76,-0.72,-26.47,-0.05,2
20,Exit long,2026-02-25 13:30,TP1,106.17,1,105.86,-0.69,-0.65,0,0.00,-0.6,-0.56,-27.16,-0.05,1
20,Entry long,2026-02-25 13:25,Long,105.86,1,105.86,-0.69,-0.65,0,0.00,-0.6,-0.56,-27.16,-0.05,1
21,Exit long,2026-02-26 08:10,TP1,105.62,1,106.04,-1.42,-1.33,0,0.00,-0.92,-0.86,-28.58,-0.06,5
21,Entry long,2026-02-26 07:45,Long,106.04,1,106.04,-1.42,-1.33,0,0.00,-0.92,-0.86,-28.58,-0.06,5
22,Exit long,2026-02-26 11:50,TP1,104.51,1,106.87,-3.36,-3.13,0,0.00,-2.86,-2.66,-31.94,-0.06,4
22,Entry long,2026-02-26 11:30,Long,106.87,1,106.87,-3.36,-3.13,0,0.00,-2.86,-2.66,-31.94,-0.06,4
23,Exit short,2026-02-26 15:40,TP1,104.68,1,103.34,-2.34,-2.25,0,0.00,-1.84,-1.77,-34.28,-0.07,3
23,Entry short,2026-02-26 15:25,Short,103.34,1,103.34,-2.34,-2.25,0,0.00,-1.84,-1.77,-34.28,-0.07,3
24,Exit long,2026-02-26 16:05,TP1,103.44,1,104.8,-2.36,-2.24,0,0.00,-1.86,-1.77,-36.64,-0.07,1
24,Entry long,2026-02-26 16:00,Long,104.8,1,104.8,-2.36,-2.24,0,0.00,-1.86,-1.77,-36.64,-0.07,1
25,Exit long,2026-03-04 14:00,TP1,97.47,1,97.09,-0.62,-0.64,0,0.00,-0.99,-1.01,-37.26,-0.07,4
25,Entry long,2026-03-04 13:40,Long,97.09,1,97.09,-0.62,-0.64,0,0.00,-0.99,-1.01,-37.26,-0.07,4
26,Exit long,2026-03-05 18:50,TP1,95.63,1,95.46,-0.83,-0.86,0,0.00,-0.51,-0.53,-38.09,-0.08,1
26,Entry long,2026-03-05 18:45,Long,95.46,1,95.46,-0.83,-0.86,0,0.00,-0.51,-0.53,-38.09,-0.08,1
27,Exit long,2026-03-06 04:00,TP1,95.98,1,95.71,-0.73,-0.76,0,0.00,-0.77,-0.80,-38.82,-0.08,5
27,Entry long,2026-03-05 19:15,Long,95.71,1,95.71,-0.73,-0.76,0,0.00,-0.77,-0.80,-38.82,-0.08,5
28,Exit long,2026-03-10 16:55,EOD-Closing ALL Trades @ 1550 Central Time,98.24,1,97.91,-0.67,-0.68,0,0.00,-0.87,-0.88,-39.49,-0.08,8
28,Entry long,2026-03-10 16:15,Long,97.91,1,97.91,-0.67,-0.68,0,0.00,-0.87,-0.88,-39.49,-0.08,8
29,Exit long,2026-03-11 04:00,TP1,98.73,1,98.31,-0.58,-0.59,0,0.00,-1.02,-1.03,-40.07,-0.08,15
29,Entry long,2026-03-10 18:25,Long,98.31,1,98.31,-0.58,-0.59,0,0.00,-1.02,-1.03,-40.07,-0.08,15
30,Exit short,2026-03-12 08:10,TP1,109.4,1,109.64,-0.76,-0.69,0,0.00,-0.62,-0.56,-40.83,-0.08,1
30,Entry short,2026-03-12 08:05,Short,109.64,1,109.64,-0.76,-0.69,0,0.00,-0.62,-0.56,-40.83,-0.08,1
31,Exit short,2026-03-12 08:30,TP1,109.32,1,109.54,-0.78,-0.71,0,0.00,-0.54,-0.49,-41.61,-0.08,1
31,Entry short,2026-03-12 08:25,Short,109.54,1,109.54,-0.78,-0.71,0,0.00,-0.54,-0.49,-41.61,-0.08,1
32,Exit long,2026-03-12 11:45,TP1,110.87,1,110.04,-0.17,-0.15,0.33,0.30,-0.96,-0.87,-41.78,-0.08,1
32,Entry long,2026-03-12 11:40,Long,110.04,1,110.04,-0.17,-0.15,0.33,0.30,-0.96,-0.87,-41.78,-0.08,1
33,Exit long,2026-03-12 13:45,TP1,107.81,1,110.43,-3.62,-3.26,0.08,0.07,-3.12,-2.81,-45.4,-0.09,22
33,Entry long,2026-03-12 11:55,Long,110.43,1,110.43,-3.62,-3.26,0.08,0.07,-3.12,-2.81,-45.4,-0.09,22
34,Exit long,2026-03-13 06:10,TP1,108.57,1,108.41,-0.84,-0.77,0,0.00,-0.71,-0.65,-46.24,-0.09,1
34,Entry long,2026-03-13 06:05,Long,108.41,1,108.41,-0.84,-0.77,0,0.00,-0.71,-0.65,-46.24,-0.09,1
35,Exit long,2026-03-16 15:15,TP1,131.78,1,131.08,-0.3,-0.23,0.21,0.16,-0.96,-0.73,-46.54,-0.09,1
35,Entry long,2026-03-16 15:10,Long,131.08,1,131.08,-0.3,-0.23,0.21,0.16,-0.96,-0.73,-46.54,-0.09,1
36,Exit long,2026-03-18 14:00,TP1,121.75,1,121.31,-0.56,-0.46,0,0.00,-0.81,-0.66,-47.1,-0.09,2
36,Entry long,2026-03-18 13:50,Long,121.31,1,121.31,-0.56,-0.46,0,0.00,-0.81,-0.66,-47.1,-0.09,2
37,Exit short,2026-03-19 04:25,TP1,116.61,1,116.86,-0.75,-0.64,0,0.00,-0.54,-0.46,-47.85,-0.10,1
37,Entry short,2026-03-19 04:20,Short,116.86,1,116.86,-0.75,-0.64,0,0.00,-0.54,-0.46,-47.85,-0.10,1
38,Exit long,2026-03-19 15:35,TP1,120.66,1,120.13,-0.47,-0.39,0.03,0.02,-1.23,-1.02,-48.32,-0.10,2
38,Entry long,2026-03-19 15:25,Long,120.13,1,120.13,-0.47,-0.39,0.03,0.02,-1.23,-1.02,-48.32,-0.10,2
39,Exit long,2026-03-19 19:00,TP1,121.8,1,121.63,-0.83,-0.68,0,0.00,-0.51,-0.42,-49.15,-0.10,1
39,Entry long,2026-03-19 18:55,Long,121.63,1,121.63,-0.83,-0.68,0,0.00,-0.51,-0.42,-49.15,-0.10,1
40,Exit long,2026-03-19 19:50,TP1,121.44,1,121.83,-1.39,-1.14,0,0.00,-0.89,-0.73,-50.54,-0.10,6
40,Entry long,2026-03-19 19:15,Long,121.83,1,121.83,-1.39,-1.14,0,0.00,-0.89,-0.73,-50.54,-0.10,6
41,Exit long,2026-03-23 10:05,TP1,120.7,1,119.76,-0.06,-0.05,0.74,0.62,-0.78,-0.65,-50.6,-0.10,1
41,Entry long,2026-03-23 10:00,Long,119.76,1,119.76,-0.06,-0.05,0.74,0.62,-0.78,-0.65,-50.6,-0.10,1
42,Exit long,2026-03-23 10:15,TP1,121.17,1,120.21,-0.04,-0.03,0.49,0.41,-0.59,-0.49,-50.64,-0.10,1
42,Entry long,2026-03-23 10:10,Long,120.21,1,120.21,-0.04,-0.03,0.49,0.41,-0.59,-0.49,-50.64,-0.10,1
43,Exit long,2026-03-25 07:30,TP1,117.82,1,117.65,-0.83,-0.70,0,0.00,-0.65,-0.55,-51.47,-0.10,2
43,Entry long,2026-03-25 07:20,Long,117.65,1,117.65,-0.83,-0.70,0,0.00,-0.65,-0.55,-51.47,-0.10,2
44,Exit long,2026-03-25 11:10,TP1,115.54,1,118.65,-4.11,-3.45,0,0.00,-3.61,-3.03,-55.58,-0.11,7
44,Entry long,2026-03-25 10:35,Long,118.65,1,118.65,-4.11,-3.45,0,0.00,-3.61,-3.03,-55.58,-0.11,7
45,Exit short,2026-03-25 19:15,TP1,114.66,1,114.71,-0.95,-0.82,0,0.00,-0.59,-0.51,-56.53,-0.11,2
45,Entry short,2026-03-25 18:45,Short,114.71,1,114.71,-0.95,-0.82,0,0.00,-0.59,-0.51,-56.53,-0.11,2
46,Exit short,2026-03-26 16:00,EOD-LastBarOfSession (holiday backstop),106.05,1,105.72,-1.33,-1.25,0,0.00,-1,-0.94,-57.86,-0.12,6
46,Entry short,2026-03-26 15:30,Short,105.72,1,105.72,-1.33,-1.25,0,0.00,-1,-0.94,-57.86,-0.12,6
47,Exit short,2026-03-27 09:15,TP1,103.06,1,103.33,-0.73,-0.70,0,0.00,-0.67,-0.65,-58.59,-0.12,2
47,Entry short,2026-03-27 09:05,Short,103.33,1,103.33,-0.73,-0.70,0,0.00,-0.67,-0.65,-58.59,-0.12,2
48,Exit short,2026-03-27 10:20,TP1,101.91,1,102.67,-0.24,-0.23,0.26,0.25,-1.16,-1.12,-58.83,-0.12,2
48,Entry short,2026-03-27 10:10,Short,102.67,1,102.67,-0.24,-0.23,0.26,0.25,-1.16,-1.12,-58.83,-0.12,2
49,Exit long,2026-03-30 07:50,TP1,102.28,1,102.09,-0.81,-0.79,0,0.00,-0.51,-0.50,-59.64,-0.12,1
49,Entry long,2026-03-30 07:45,Long,102.09,1,102.09,-0.81,-0.79,0,0.00,-0.51,-0.50,-59.64,-0.12,1
50,Exit long,2026-03-30 08:05,TP1,102.34,1,102.16,-0.82,-0.80,0,0.00,-0.56,-0.55,-60.46,-0.12,1
50,Entry long,2026-03-30 08:00,Long,102.16,1,102.16,-0.82,-0.80,0,0.00,-0.56,-0.55,-60.46,-0.12,1
51,Exit long,2026-04-01 06:50,TP1,105.68,1,105.51,-0.83,-0.78,0,0.00,-0.51,-0.48,-61.29,-0.12,1
51,Entry long,2026-04-01 06:45,Long,105.51,1,105.51,-0.83,-0.78,0,0.00,-0.51,-0.48,-61.29,-0.12,1
52,Exit long,2026-04-06 11:00,TP1,112.93,1,112.14,-0.21,-0.19,0.29,0.26,-0.59,-0.52,-61.5,-0.12,1
52,Entry long,2026-04-06 10:55,Long,112.14,1,112.14,-0.21,-0.19,0.29,0.26,-0.59,-0.52,-61.5,-0.12,1
53,Exit long,2026-04-06 14:50,TP1,113.32,1,112.98,-0.66,-0.58,0,0.00,-0.75,-0.66,-62.16,-0.12,6
53,Entry long,2026-04-06 14:20,Long,112.98,1,112.98,-0.66,-0.58,0,0.00,-0.75,-0.66,-62.16,-0.12,6
54,Exit long,2026-04-08 07:20,TP1,127.31,1,127.01,-0.7,-0.55,0,0.00,-0.51,-0.40,-62.86,-0.13,1
54,Entry long,2026-04-08 07:15,Long,127.01,1,127.01,-0.7,-0.55,0,0.00,-0.51,-0.40,-62.86,-0.13,1
55,Exit long,2026-04-08 07:30,TP1,127.78,1,127.41,-0.63,-0.49,0.03,0.02,-0.51,-0.40,-63.49,-0.13,1
55,Entry long,2026-04-08 07:25,Long,127.41,1,127.41,-0.63,-0.49,0.03,0.02,-0.51,-0.40,-63.49,-0.13,1
56,Exit long,2026-04-09 14:55,TP1,132.42,1,131.95,-0.53,-0.40,0,0.00,-0.8,-0.60,-64.02,-0.13,3
56,Entry long,2026-04-09 14:40,Long,131.95,1,131.95,-0.53,-0.40,0,0.00,-0.8,-0.60,-64.02,-0.13,3
57,Exit long,2026-04-14 09:25,TP1,160.13,1,159.77,-0.64,-0.40,0,0.00,-0.82,-0.51,-64.66,-0.13,3
57,Entry long,2026-04-14 09:10,Long,159.77,1,159.77,-0.64,-0.40,0,0.00,-0.82,-0.51,-64.66,-0.13,3
58,Exit long,2026-04-14 12:45,TP1,164.8,1,163.98,-0.18,-0.11,0.32,0.19,-1.44,-0.88,-64.84,-0.13,5
58,Entry long,2026-04-14 12:20,Long,163.98,1,163.98,-0.18,-0.11,0.32,0.19,-1.44,-0.88,-64.84,-0.13,5
59,Exit long,2026-04-15 09:30,TP1,160.26,1,159.71,-0.45,-0.28,0.05,0.03,-1.21,-0.76,-65.29,-0.13,2
59,Entry long,2026-04-15 09:20,Long,159.71,1,159.71,-0.45,-0.28,0.05,0.03,-1.21,-0.76,-65.29,-0.13,2
60,Exit long,2026-04-15 19:40,TP1,165.7,1,165.54,-0.84,-0.51,0,0.00,-0.51,-0.31,-66.13,-0.13,1
60,Entry long,2026-04-15 19:35,Long,165.54,1,165.54,-0.84,-0.51,0,0.00,-0.51,-0.31,-66.13,-0.13,1
61,Exit long,2026-04-16 04:05,TP1,168.5,1,167.33,0.17,0.10,1.42,0.85,-0.51,-0.30,-65.96,-0.13,1
61,Entry long,2026-04-16 04:00,Long,167.33,1,167.33,0.17,0.10,1.42,0.85,-0.51,-0.30,-65.96,-0.13,1
62,Exit long,2026-04-16 14:40,TP1,164.85,1,164.24,-0.39,-0.24,0.19,0.12,-0.58,-0.35,-66.35,-0.13,1
62,Entry long,2026-04-16 14:35,Long,164.24,1,164.24,-0.39,-0.24,0.19,0.12,-0.58,-0.35,-66.35,-0.13,1
63,Exit long,2026-04-16 15:30,TP1,165.33,1,164.77,-0.44,-0.27,0.06,0.04,-1.35,-0.82,-66.79,-0.13,7
63,Entry long,2026-04-16 14:55,Long,164.77,1,164.77,-0.44,-0.27,0.06,0.04,-1.35,-0.82,-66.79,-0.13,7
64,Exit long,2026-04-20 08:45,TP1,154.63,1,154.21,-0.58,-0.37,0,0.00,-0.86,-0.56,-67.37,-0.13,2
64,Entry long,2026-04-20 08:35,Long,154.21,1,154.21,-0.58,-0.37,0,0.00,-0.86,-0.56,-67.37,-0.13,2
65,Exit long,2026-04-20 11:45,TP1,159.59,1,158.72,-0.13,-0.08,0.37,0.23,-1.42,-0.89,-67.5,-0.13,4
65,Entry long,2026-04-20 11:25,Long,158.72,1,158.72,-0.13,-0.08,0.37,0.23,-1.42,-0.89,-67.5,-0.13,4
66,Exit long,2026-04-27 07:15,TP1,147.58,1,147.41,-0.83,-0.56,0,0.00,-0.63,-0.43,-68.33,-0.14,2
66,Entry long,2026-04-27 07:05,Long,147.41,1,147.41,-0.83,-0.56,0,0.00,-0.63,-0.43,-68.33,-0.14,2
67,Exit long,2026-04-28 19:40,TP1,136.21,1,136.81,-1.6,-1.17,0,0.00,-1.1,-0.80,-69.93,-0.14,11
67,Entry long,2026-04-28 18:35,Long,136.81,1,136.81,-1.6,-1.17,0,0.00,-1.1,-0.80,-69.93,-0.14,11
68,Exit long,2026-05-01 19:50,TP1,154.86,1,154.74,-0.88,-0.57,0,0.00,-0.64,-0.41,-70.81,-0.14,7
68,Entry long,2026-05-01 19:05,Long,154.74,1,154.74,-0.88,-0.57,0,0.00,-0.64,-0.41,-70.81,-0.14,7
69,Exit long,2026-05-04 08:40,TP1,160.34,1,159.91,-0.57,-0.36,0,0.00,-0.94,-0.59,-71.38,-0.14,3
69,Entry long,2026-05-04 08:25,Long,159.91,1,159.91,-0.57,-0.36,0,0.00,-0.94,-0.59,-71.38,-0.14,3
70,Exit long,2026-05-08 19:55,TP1,178.42,1,178.26,-0.84,-0.47,0,0.00,-0.76,-0.43,-72.22,-0.14,1
70,Entry long,2026-05-08 19:50,Long,178.26,1,178.26,-0.84,-0.47,0,0.00,-0.76,-0.43,-72.22,-0.14,1
71,Exit long,2026-05-12 16:00,EOD-LastBarOfSession (holiday backstop),178.99,1,180.06,-2.07,-1.15,0,0.00,-2.74,-1.52,-74.29,-0.15,3
71,Entry long,2026-05-12 15:45,Long,180.06,1,180.06,-2.07,-1.15,0,0.00,-2.74,-1.52,-74.29,-0.15,3
72,Exit long,2026-05-13 13:35,TP1,213.98,1,212.74,0.24,0.11,0.76,0.36,-0.72,-0.34,-74.05,-0.15,1
72,Entry long,2026-05-13 13:30,Long,212.74,1,212.74,0.24,0.11,0.76,0.36,-0.72,-0.34,-74.05,-0.15,1
73,Exit long,2026-05-14 04:50,TP1,207.81,1,209.71,-2.9,-1.38,0,0.00,-2.4,-1.14,-76.95,-0.15,6
73,Entry long,2026-05-14 04:20,Long,209.71,1,209.71,-2.9,-1.38,0,0.00,-2.4,-1.14,-76.95,-0.15,6
74,Exit long,2026-05-14 08:05,TP1,208.87,1,208.23,-0.36,-0.17,0.14,0.07,-1.13,-0.54,-77.31,-0.15,3
74,Entry long,2026-05-14 07:50,Long,208.23,1,208.23,-0.36,-0.17,0.14,0.07,-1.13,-0.54,-77.31,-0.15,3
75,Exit long,2026-05-20 09:25,TP1,204.45,1,204.06,-0.61,-0.30,0,0.00,-1.41,-0.69,-77.92,-0.16,11
75,Entry long,2026-05-20 08:30,Long,204.06,1,204.06,-0.61,-0.30,0,0.00,-1.41,-0.69,-77.92,-0.16,11
76,Exit long,2026-05-20 12:00,TP1,200.65,1,199.5,0.15,0.08,0.65,0.33,-1.19,-0.60,-77.77,-0.16,2
76,Entry long,2026-05-20 11:50,Long,199.5,1,199.5,0.15,0.08,0.65,0.33,-1.19,-0.60,-77.77,-0.16,2
77,Exit long,2026-05-21 19:00,TP1,222.04,1,221.78,-0.74,-0.33,0,0.00,-0.9,-0.40,-78.51,-0.16,10
77,Entry long,2026-05-21 18:05,Long,221.78,1,221.78,-0.74,-0.33,0,0.00,-0.9,-0.40,-78.51,-0.16,10
78,Exit long,2026-05-21 19:35,TP1,222.3,1,222.12,-0.82,-0.37,0,0.00,-0.6,-0.27,-79.33,-0.16,3
78,Entry long,2026-05-21 19:20,Long,222.12,1,222.12,-0.82,-0.37,0,0.00,-0.6,-0.27,-79.33,-0.16,3
79,Exit short,2026-05-22 14:30,TP1,215.39,1,216.03,-0.36,-0.17,0.14,0.06,-1.22,-0.56,-79.69,-0.16,2
79,Entry short,2026-05-22 14:20,Short,216.03,1,216.03,-0.36,-0.17,0.14,0.06,-1.22,-0.56,-79.69,-0.16,2
80,Exit long,2026-05-27 04:00,TP1,209.11,1,209.7,-1.59,-0.76,0,0.00,-1.09,-0.52,-81.28,-0.16,1
80,Entry long,2026-05-26 19:55,Long,209.7,1,209.7,-1.59,-0.76,0,0.00,-1.09,-0.52,-81.28,-0.16,1
81,Exit long,2026-05-27 04:25,TP1,210.5,1,209.85,-0.35,-0.17,0.15,0.07,-0.72,-0.34,-81.63,-0.16,1
81,Entry long,2026-05-27 04:20,Long,209.85,1,209.85,-0.35,-0.17,0.15,0.07,-0.72,-0.34,-81.63,-0.16,1
82,Exit long,2026-05-28 06:45,TP1,231.15,1,233.56,-3.41,-1.46,0,0.00,-2.91,-1.24,-85.04,-0.17,7
82,Entry long,2026-05-28 06:10,Long,233.56,1,233.56,-3.41,-1.46,0,0.00,-2.91,-1.24,-85.04,-0.17,7
83,Exit long,2026-05-29 04:40,TP1,230.2,1,229.51,-0.31,-0.13,0.31,0.13,-0.51,-0.22,-85.35,-0.17,1
83,Entry long,2026-05-29 04:35,Long,229.51,1,229.51,-0.31,-0.13,0.31,0.13,-0.51,-0.22,-85.35,-0.17,1
84,Exit long,2026-05-29 15:40,TP1,224.46,1,223.65,-0.19,-0.08,0.31,0.14,-0.54,-0.24,-85.54,-0.17,1
84,Entry long,2026-05-29 15:35,Long,223.65,1,223.65,-0.19,-0.08,0.31,0.14,-0.54,-0.24,-85.54,-0.17,1
85,Exit long,2026-06-02 04:00,TP1,266.39,1,267.51,-2.12,-0.79,0,0.00,-1.62,-0.60,-87.66,-0.18,3
85,Entry long,2026-06-01 19:45,Long,267.51,1,267.51,-2.12,-0.79,0,0.00,-1.62,-0.60,-87.66,-0.18,3
86,Exit long,2026-06-04 10:50,TP1,248.21,1,245.92,1.29,0.52,2.36,0.96,-0.51,-0.21,-86.37,-0.17,1
86,Entry long,2026-06-04 10:45,Long,245.92,1,245.92,1.29,0.52,2.36,0.96,-0.51,-0.21,-86.37,-0.17,1
87,Exit long,2026-06-08 07:15,TP1,234.95,1,233.51,0.44,0.19,0.94,0.40,-0.51,-0.22,-85.93,-0.17,1
87,Entry long,2026-06-08 07:10,Long,233.51,1,233.51,0.44,0.19,0.94,0.40,-0.51,-0.22,-85.93,-0.17,1
88,Exit short,2026-06-09 10:45,TP1,223.16,1,225.55,1.39,0.61,1.89,0.84,-3.95,-1.75,-84.54,-0.17,5
88,Entry short,2026-06-09 10:20,Short,225.55,1,225.55,1.39,0.61,1.89,0.84,-3.95,-1.75,-84.54,-0.17,5
89,Exit long,2026-06-09 16:05,TP1,224,1,220.22,2.78,1.26,3.41,1.54,-0.68,-0.31,-81.76,-0.16,1
89,Entry long,2026-06-09 16:00,Long,220.22,1,220.22,2.78,1.26,3.41,1.54,-0.68,-0.31,-81.76,-0.16,1
90,Exit short,2026-06-10 04:15,TP1,214.67,1,215.85,0.18,0.08,0.72,0.33,-0.67,-0.31,-81.58,-0.16,1
90,Entry short,2026-06-10 04:10,Short,215.85,1,215.85,0.18,0.08,0.72,0.33,-0.67,-0.31,-81.58,-0.16,1
91,Exit long,2026-06-11 13:30,TP1,219.61,1,217.54,1.07,0.49,1.57,0.72,-7.14,-3.27,-80.51,-0.16,28
91,Entry long,2026-06-11 11:10,Long,217.54,1,217.54,1.07,0.49,1.57,0.72,-7.14,-3.27,-80.51,-0.16,28
92,Exit long,2026-06-11 19:50,TP1,228.87,1,228.52,-0.65,-0.28,0,0.00,-0.55,-0.24,-81.16,-0.16,1
92,Entry long,2026-06-11 19:45,Long,228.52,1,228.52,-0.65,-0.28,0,0.00,-0.55,-0.24,-81.16,-0.16,1
93,Exit long,2026-06-12 10:30,TP1,238.84,1,236.43,1.41,0.60,1.91,0.81,-2.43,-1.03,-79.75,-0.16,2
93,Entry long,2026-06-12 10:20,Long,236.43,1,236.43,1.41,0.60,1.91,0.81,-2.43,-1.03,-79.75,-0.16,2
94,Exit long,2026-06-12 11:55,TP1,229.83,1,237.65,-8.82,-3.70,0.87,0.37,-8.32,-3.49,-88.57,-0.18,16
94,Entry long,2026-06-12 10:35,Long,237.65,1,237.65,-8.82,-3.70,0.87,0.37,-8.32,-3.49,-88.57,-0.18,16
95,Exit short,2026-06-15 19:50,TP1,258.85,1,258.1,-1.75,-0.68,0,0.00,-1.25,-0.48,-90.32,-0.18,1
95,Entry short,2026-06-15 19:45,Short,258.1,1,258.1,-1.75,-0.68,0,0.00,-1.25,-0.48,-90.32,-0.18,1
96,Exit long,2026-06-16 18:35,TP1,265.45,1,265.08,-0.63,-0.24,0,0.00,-0.51,-0.19,-90.95,-0.18,1
96,Entry long,2026-06-16 18:30,Long,265.08,1,265.08,-0.63,-0.24,0,0.00,-0.51,-0.19,-90.95,-0.18,1
97,Exit long,2026-06-17 14:35,TP1,292.62,1,290.75,0.87,0.30,1.37,0.47,-3.64,-1.25,-90.08,-0.18,3
97,Entry long,2026-06-17 14:20,Long,290.75,1,290.75,0.87,0.30,1.37,0.47,-3.64,-1.25,-90.08,-0.18,3
98,Exit long,2026-06-18 08:40,TP1,295.89,1,295.21,-0.32,-0.11,0.18,0.06,-0.66,-0.22,-90.4,-0.18,1
98,Entry long,2026-06-18 08:35,Long,295.21,1,295.21,-0.32,-0.11,0.18,0.06,-0.66,-0.22,-90.4,-0.18,1
99,Exit long,2026-06-18 08:50,TP1,296.29,1,295.56,-0.27,-0.09,0.23,0.08,-0.8,-0.27,-90.67,-0.18,1
99,Entry long,2026-06-18 08:45,Long,295.56,1,295.56,-0.27,-0.09,0.23,0.08,-0.8,-0.27,-90.67,-0.18,1
100,Exit short,2026-06-18 13:00,TP1,283.14,1,285.01,0.87,0.30,1.37,0.48,-2.26,-0.79,-89.8,-0.18,6
100,Entry short,2026-06-18 12:30,Short,285.01,1,285.01,0.87,0.30,1.37,0.48,-2.26,-0.79,-89.8,-0.18,6
101,Exit long,2026-06-22 09:20,TP1,288.72,1,288.1,-0.38,-0.13,0.12,0.04,-0.85,-0.29,-90.18,-0.18,2
101,Entry long,2026-06-22 09:10,Long,288.1,1,288.1,-0.38,-0.13,0.12,0.04,-0.85,-0.29,-90.18,-0.18,2
102,Exit short,2026-06-24 07:35,TP1,282.07,1,280.15,-2.92,-1.04,0,0.00,-2.42,-0.86,-93.1,-0.19,4
102,Entry short,2026-06-24 07:15,Short,280.15,1,280.15,-2.92,-1.04,0,0.00,-2.42,-0.86,-93.1,-0.19,4
103,Exit long,2026-06-24 07:50,TP1,282.75,1,282.01,-0.26,-0.09,0.49,0.17,-0.51,-0.18,-93.36,-0.19,1
103,Entry long,2026-06-24 07:45,Long,282.01,1,282.01,-0.26,-0.09,0.49,0.17,-0.51,-0.18,-93.36,-0.19,1
104,Exit short,2026-06-25 06:55,TP1,270.9,1,269.5,-2.4,-0.89,0,0.00,-1.9,-0.70,-95.76,-0.19,2
104,Entry short,2026-06-25 06:45,Short,269.5,1,269.5,-2.4,-0.89,0,0.00,-1.9,-0.70,-95.76,-0.19,2
105,Exit short,2026-06-25 15:15,TP1,254,1,257.3,2.3,0.89,2.8,1.09,-5.36,-2.08,-93.46,-0.19,49
105,Entry short,2026-06-25 11:10,Short,257.3,1,257.3,2.3,0.89,2.8,1.09,-5.36,-2.08,-93.46,-0.19,49
106,Exit long,2026-06-29 18:50,TP1,261.98,1,261.71,-0.73,-0.28,0,0.00,-0.8,-0.31,-94.19,-0.19,3
106,Entry long,2026-06-29 18:35,Long,261.71,1,261.71,-0.73,-0.28,0,0.00,-0.8,-0.31,-94.19,-0.19,3
107,Exit long,2026-06-29 19:05,TP1,262.64,1,262.41,-0.77,-0.29,0,0.00,-0.57,-0.22,-94.96,-0.19,2
107,Entry long,2026-06-29 18:55,Long,262.41,1,262.41,-0.77,-0.29,0,0.00,-0.57,-0.22,-94.96,-0.19,2
108,Exit long,2026-07-01 06:40,TP1,279,1,276.93,1.07,0.39,1.82,0.66,-0.51,-0.18,-93.89,-0.19,1
108,Entry long,2026-07-01 06:35,Long,276.93,1,276.93,1.07,0.39,1.82,0.66,-0.51,-0.18,-93.89,-0.19,1
109,Exit short,2026-07-06 19:00,TP1,211.62,1,212.4,-0.22,-0.10,0.32,0.15,-0.51,-0.24,-94.11,-0.19,1
109,Entry short,2026-07-06 18:55,Short,212.4,1,212.4,-0.22,-0.10,0.32,0.15,-0.51,-0.24,-94.11,-0.19,1
110,Exit long,2026-07-08 09:25,TP1,192.28,1,191.41,-0.13,-0.07,0.37,0.19,-2.36,-1.23,-94.24,-0.19,1
110,Entry long,2026-07-08 09:20,Long,191.41,1,191.41,-0.13,-0.07,0.37,0.19,-2.36,-1.23,-94.24,-0.19,1